Num_Acc,date,an,mois,jour,hrmn,com,lat,long,grav,assigned_station_id,distance_m,within_radius,assigned_to_deconne
200500000800,2005-01-06,2005,janvier,jeudi,16:15,69074,46.012,4.65,3,32001,23229.30214207878,False,True
200500000811,2005-01-08,2005,janvier,samedi,15:30,69050,45.874,4.656,4,32001,14010.168188787131,False,True
200500000811,2005-01-08,2005,janvier,samedi,15:30,69050,45.874,4.656,4,32001,14010.168188787131,False,True
200500012849,2005-03-21,2005,mars,lundi,18:30,69271,45.744,4.955,4,14003,3059.9497440893897,False,True
200500023519,2005-04-03,2005,avril,dimanche,18:30,69094,45.744,4.692,3,23001,7054.472329548679,False,True
200500048797,2005-08-27,2005,août,samedi,11:45,69178,45.696,4.44,3,23001,27327.79632287258,False,True
200500048809,2005-08-23,2005,août,mardi,19:00,69209,46.237,4.488,4,32001,50956.69609289691,False,True
200600016046,2006-03-04,2006,mars,samedi,11:00,69050,45.87,4.65,3,32001,14375.00818335744,False,True
200600046829,2006-08-31,2006,août,jeudi,18:00,69081,45.78,4.785,3,24001,739.6651011646088,False,True
200600058932,2006-10-05,2006,octobre,jeudi,07:00,69288,45.687,5.037,3,15001,8780.436094769095,False,True
200600071953,2006-11-13,2006,novembre,lundi,07:45,69204,45.693,4.789,2,19001,696.782666232978,False,True
200700019125,2007-04-18,2007,avril,mercredi,15:30,69094,45.745,4.694,1,23001,6873.079018362988,False,True
200700019135,2007-04-02,2007,avril,lundi,13:45,69019,46.11,4.75,4,32001,30034.518421653658,False,True
200700020200,2007-04-20,2007,avril,vendredi,18:15,69081,45.785,4.79,3,9050,376.711017614018,True,False
200700025909,2007-05-10,2007,mai,jeudi,19:45,69019,46.11,4.72,3,32001,30609.97567445154,False,True
200700032770,2007-06-06,2007,juin,mercredi,17:15,69176,45.672,4.697,3,19001,8112.992423129784,False,True
200700032779,2007-06-28,2007,juin,jeudi,13:30,69019,46.1,4.73,3,32001,29327.73837125799,False,True
200700060563,2007-10-25,2007,octobre,jeudi,16:30,69089,45.743,4.771,3,5045,1614.5319200465758,False,True
200800001458,2008-01-23,2008,janvier,mercredi,07:15,69260,45.65,4.817,4,19001,5598.063709930259,False,True
200800006423,2008-02-13,2008,février,mercredi,17:15,69069,45.739,4.713,3,23001,5762.496747523529,False,True
200800006423,2008-02-13,2008,février,mercredi,17:15,69069,45.739,4.713,3,23001,5762.496747523529,False,True
200800028313,2008-05-06,2008,mai,mardi,17:45,69289,45.65,5.018,3,15001,9850.148763985595,False,True
201000006938,2010-10-06,2010,octobre,mercredi,08:45,69204,45.7,4.824,3,18001,421.1207608074479,True,False
201000006954,2010-06-29,2010,juin,mardi,11:30,69273,45.677,4.89999,3,15002,3222.068702349388,False,True
201000007051,2010-11-13,2010,novembre,samedi,14:45,69236,45.569,4.701,3,19001,16073.189770833123,False,True
201000007067,2010-06-06,2010,juin,dimanche,12:45,69126,45.92,4.689,3,32001,13815.55026690964,False,True
201000007075,2010-09-16,2010,septembre,jeudi,17:15,69140,45.908,4.702,3,32001,12222.724411198153,False,True
201000007089,2010-09-19,2010,septembre,dimanche,18:00,69267,46.17,4.701,3,32001,37425.6906144533,False,True
201000007150,2010-08-08,2010,août,dimanche,18:15,69060,46.103,4.491,4,32001,38891.04523200589,False,True
201000041381,2010-10-21,2010,octobre,jeudi,08:40,69096,45.6101,4.77823,4,19001,9841.978149817109,False,True
201000041443,2010-09-21,2010,septembre,mardi,21:20,69152,45.6952,4.82601,4,18001,969.3047003084394,False,True
201000041529,2010-09-06,2010,septembre,lundi,09:15,69256,45.7493,4.9339,4,10016,1524.3619093205464,False,True
201000058329,2010-11-20,2010,novembre,samedi,17:50,69386,45.7647,4.84151,1,6032,14.162470871449901,True,False
201000058337,2010-11-29,2010,novembre,lundi,16:15,69383,45.7563,4.84649,1,3088,280.22591722728237,True,False
201100006707,2011-06-10,2011,juin,vendredi,04:00,69288,45.68,5.076,4,15001,11895.966483462704,False,True
201100006829,2011-06-08,2011,juin,mercredi,13:00,69196,46.151,4.539,4,32001,40787.205426322835,False,True
201200004550,2012-04-17,2012,avril,mardi,14:45,69289,45.667,5.002,2,15001,7631.806733078631,False,True
201200004635,2012-06-05,2012,juin,mardi,18:00,69215,46.017,4.639,3,32001,24189.630314822745,False,True
201200019771,2012-08-15,2012,août,mercredi,11:00,69035,46.268,4.652,3,32001,48941.988147125034,False,True
201400004323,2014-09-01,2014,septembre,lundi,13:45,69204,45.703,4.796,3,19001,580.6381094035912,False,True
201400004465,2014-06-02,2014,juin,lundi,15:30,69225,45.886,4.429,3,24001,29756.059087661713,False,True
201400012681,2014-05-20,2014,mai,mardi,14:15,69168,45.843,4.834,3,32001,359.1697999445013,True,False
201400012681,2014-05-20,2014,mai,mardi,14:15,69168,45.843,4.834,3,32001,359.1697999445013,True,False
201500004191,2015-07-10,2015,juillet,vendredi,07:00,69288,45.6862,5.0525,4,15001,9945.8103483517,False,True
201500004282,2015-05-29,2015,mai,vendredi,10:30,69004,45.9206,4.65551,3,32001,16007.565470279764,False,True
201500004287,2015-01-25,2015,janvier,dimanche,19:30,69206,46.049,4.72173,3,32001,24136.61235114256,False,True
201500004307,2015-07-13,2015,juillet,lundi,09:00,69050,45.8666,4.64122,3,24001,14721.098465037463,False,True
201500004314,2015-12-15,2015,décembre,mardi,16:00,69050,45.8575,4.65426,3,24001,13292.06041478053,False,True
201500012412,2015-03-19,2015,mars,jeudi,10:45,69244,45.753,4.805,2,5047,68.45383545135078,True,False
201500019225,2015-07-09,2015,juillet,jeudi,08:15,69133,45.6501,4.76882,3,19001,5677.7536320947875,False,True
201500032624,2015-06-30,2015,juin,mardi,15:45,69091,45.5942,4.76992,4,19001,11686.106430441921,False,True
201500032631,2015-07-31,2015,juillet,vendredi,11:00,69091,45.5766,4.74982,3,19001,13927.171813254987,False,True
201500032634,2015-08-11,2015,août,mardi,08:15,69091,45.35467,4.45592,4,19001,46396.208982792,False,True
201500032682,2015-01-21,2015,janvier,mercredi,09:50,69290,45.6967,4.89389,4,15002,1165.1926540042284,False,True
201500032728,2015-11-17,2015,novembre,mardi,07:10,69092,45.98164,4.69504,3,32001,18447.358621136813,False,True
201500032742,2015-03-24,2015,mars,mardi,08:40,69275,45.7644,4.96722,4,13001,1221.2270052170566,False,True
201500032773,2015-04-13,2015,avril,lundi,18:40,69282,45.7634,4.99206,4,13001,2972.9937614046326,False,True
201500032781,2015-04-22,2015,avril,mercredi,06:40,69266,45.77097,4.86705,4,10006,317.2227650510301,True,False
201500032786,2015-05-06,2015,mai,mercredi,08:20,69029,45.7355,4.90342,3,14004,446.74416887252886,True,False
201500032802,2015-05-27,2015,mai,mercredi,06:33,69290,45.7182,4.95381,4,15001,1821.8444548299028,False,True
201500032831,2015-06-24,2015,juin,mercredi,07:50,69266,45.7601,4.88478,1,10110,168.56222729665808,True,False
201500032842,2015-07-09,2015,juillet,jeudi,07:44,69290,45.7142,4.9662,3,15001,2734.996896673557,False,True
201500032849,2015-07-09,2015,juillet,jeudi,08:50,69266,45.771,4.89588,4,10030,353.32967502421616,True,False
201500032865,2015-07-28,2015,juillet,mardi,19:30,69282,45.7818,5.00414,3,13001,3913.030263958586,False,True
201500032877,2015-08-20,2015,août,jeudi,23:00,69266,45.7626,4.90161,4,10035,105.4209273153766,True,False
201500032880,2015-08-29,2015,août,samedi,13:50,69266,45.77181,4.86974,3,10061,246.78737250104547,True,False
201500032881,2015-08-28,2015,août,vendredi,15:45,69266,45.7822,4.89089,4,10043,90.84589095977373,True,False
201500032883,2015-07-26,2015,juillet,dimanche,17:10,69266,45.78563,4.89383,3,10122,310.32770603942424,True,False
201500032895,2015-09-24,2015,septembre,jeudi,08:15,69266,45.77171,4.87721,3,10074,182.99447080830384,True,False
201500032908,2015-10-15,2015,octobre,jeudi,12:10,69266,45.7816,4.87389,3,10084,294.48946734870447,True,False
201500032916,2015-11-01,2015,novembre,dimanche,11:20,69266,45.76695,4.89707,4,10118,274.92095397332986,True,False
201500032930,2015-11-13,2015,novembre,vendredi,15:35,69275,45.7732,4.95422,4,13001,185.4299916151574,True,False
201500032956,2015-12-04,2015,décembre,vendredi,17:01,69256,45.76283,4.92941,2,12001,718.3613983314442,False,True
201500032962,2015-12-11,2015,décembre,vendredi,06:50,69266,45.75,4.88497,3,3012,187.97066674712664,True,False
201500032964,2015-12-14,2015,décembre,lundi,07:50,69275,45.77261,4.97719,4,13001,1666.9916563389816,False,True
201500032967,2015-12-16,2015,décembre,mercredi,14:40,69029,45.72777,4.91572,4,14004,880.3054194971721,False,True
201500032971,2015-12-14,2015,décembre,lundi,16:20,69282,45.76866,4.99138,4,13001,2789.197723047754,False,True
201500044441,2015-01-17,2015,janvier,samedi,17:20,69381,45.775,4.83717,1,4041,129.81173511353876,True,False
201500047804,2015-03-20,2015,mars,vendredi,02:20,69034,45.7812,4.84243,3,4012,289.2833137419848,True,False
201500047809,2015-03-20,2015,mars,vendredi,15:50,69382,45.7543,4.83051,4,2038,149.61544109972334,True,False
201500047816,2015-03-22,2015,mars,dimanche,14:40,69142,45.7276,4.81617,3,21001,112.71666706987845,True,False
201500047816,2015-03-22,2015,mars,dimanche,14:40,69142,45.7276,4.81617,1,21001,112.71666706987845,True,False
201500047872,2015-04-30,2015,avril,jeudi,15:50,69149,45.7203,4.80092,4,20003,194.27552345562694,True,False
201500047902,2015-05-20,2015,mai,mercredi,13:25,69202,45.7412,4.78842,4,5045,1034.2427602272305,False,True
201500047904,2015-05-20,2015,mai,mercredi,12:15,69381,45.77034,4.82995,4,1003,117.66948609043853,True,False
201500047912,2015-05-24,2015,mai,dimanche,17:20,69149,45.7197,4.80081,3,20003,191.89610022590756,True,False
201500047915,2015-05-26,2015,mai,mardi,13:25,69149,45.7132,4.80908,4,20002,211.03086374265038,True,False
201500047921,2015-05-28,2015,mai,jeudi,12:15,69034,45.7884,4.83983,3,11004,461.1932085435005,True,False
201500047948,2015-06-11,2015,juin,jeudi,18:34,69286,45.8203,4.89547,3,30002,655.301083888088,False,True
201500047952,2015-06-13,2015,juin,samedi,10:00,69149,45.7167,4.79017,3,20003,747.3268695695449,False,True
201500047953,2015-06-10,2015,juin,mercredi,07:30,69034,45.7862,4.84894,4,6043,283.60595774085806,True,False
201500047954,2015-06-10,2015,juin,mercredi,08:00,69381,45.7729,4.8308,4,1036,220.578948566781,True,False
201500047970,2015-06-23,2015,juin,mardi,19:45,69384,45.7834,4.82016,4,4042,192.14061767372908,True,False
201500048011,2015-07-21,2015,juillet,mardi,08:10,69152,45.7059,4.821,4,18001,295.64724264022396,True,False
201500048017,2015-07-23,2015,juillet,jeudi,08:40,69149,45.7181,4.81683,4,20001,246.53776570268408,True,False
201500048053,2015-08-25,2015,août,mardi,07:30,69385,45.76706,4.82144,4,1006,154.16791755608233,True,False
201500048056,2015-08-26,2015,août,mercredi,16:05,69034,45.79145,4.82303,3,11003,54.92698997856838,True,False
201500048059,2015-08-22,2015,août,samedi,17:00,69382,45.74937,4.82757,1,2004,89.70219127967415,True,False
201500048066,2015-09-05,2015,septembre,samedi,12:15,69385,45.75639,4.79769,4,5002,84.86844522590616,True,False
201500048087,2015-09-23,2015,septembre,mercredi,10:00,69385,45.75803,4.81229,1,5007,69.43698596306672,True,False
201500048106,2015-10-01,2015,octobre,jeudi,06:55,69389,45.7796,4.79894,3,9043,395.3431855961136,True,False
201500048109,2015-10-01,2015,octobre,jeudi,12:10,69385,45.7757,4.80412,4,9003,92.63015391570906,True,False
201500048163,2015-11-08,2015,novembre,dimanche,13:50,69034,45.79122,4.8408,4,11004,212.155508510428,True,False
201500048206,2015-11-27,2015,novembre,vendredi,18:40,69081,45.77347,4.78286,4,24001,382.17845226443126,True,False
201500048222,2015-12-11,2015,décembre,vendredi,09:00,69389,45.774,4.79675,4,9020,280.5517730548476,True,False
201500048427,2015-01-09,2015,janvier,vendredi,12:05,69383,45.7458,4.88029,4,3051,267.47970096735514,True,False
201500048428,2015-01-12,2015,janvier,lundi,14:00,69386,45.7721,4.84463,4,6012,34.16679144612244,True,False
201500048439,2015-01-20,2015,janvier,mardi,12:05,69383,45.7527,4.84262,4,7014,98.71403867516622,True,False
201500048449,2015-04-02,2015,avril,jeudi,10:45,69387,45.7523,4.83626,1,2012,258.6037819776627,True,False
201500048449,2015-04-02,2015,avril,jeudi,10:45,69387,45.7523,4.83626,4,2012,258.6037819776627,True,False
201500048452,2015-01-16,2015,janvier,vendredi,18:20,69383,45.7544,4.85275,3,3029,249.7651943492788,True,False
201500048454,2015-01-22,2015,janvier,jeudi,21:35,69383,45.7522,4.87465,3,3086,309.6832258215295,True,False
201500048456,2015-01-27,2015,janvier,mardi,14:15,69383,45.7544,4.85275,3,3029,249.7651943492788,True,False
201500048492,2015-04-14,2015,avril,mardi,18:50,69383,45.7527,4.84262,3,7014,98.71403867516622,True,False
201500048524,2015-04-22,2015,avril,mercredi,15:40,69388,45.7378,4.87195,4,8009,222.8698687582988,True,False
201500048541,2015-04-28,2015,avril,mardi,15:40,69387,45.7285,4.82183,4,7013,293.992068843164,True,False
201500048587,2015-05-19,2015,mai,mardi,11:30,69387,45.7534,4.83678,4,2012,264.87161153374956,True,False
201500048590,2015-05-19,2015,mai,mardi,14:10,69259,45.7189,4.88725,4,8061,858.3681344408734,False,True
201500048630,2015-06-09,2015,juin,mardi,18:30,69383,45.7532,4.8421,3,7014,57.95322177259539,True,False
201500048640,2015-06-16,2015,juin,mardi,09:30,69387,45.7355,4.82963,4,7007,150.2574525281258,True,False
201500048650,2015-06-23,2015,juin,mardi,11:25,69383,45.7594,4.85119,4,3058,192.79514363565627,True,False
201500048651,2015-06-23,2015,juin,mardi,17:00,69387,45.7381,4.83021,4,7018,281.67551493838226,True,False
201500048759,2015-08-25,2015,août,mardi,10:50,69387,45.74889,4.84409,4,7053,177.9463497988775,True,False
201500048761,2015-08-25,2015,août,mardi,17:40,69387,45.7379,4.86352,4,8033,160.79426059445197,True,False
201500048830,2015-10-07,2015,octobre,mercredi,20:20,69388,45.7304,4.85066,4,8057,314.7601126270243,True,False
201500048907,2015-11-14,2015,novembre,samedi,11:10,69388,45.739,4.86687,1,8033,199.4587373628195,True,False
201500048957,2015-12-09,2015,décembre,mercredi,11:20,69387,45.7437,4.84094,4,7055,353.05656355962714,True,False
201500049262,2015-01-13,2015,janvier,mardi,13:25,69385,45.7653,4.83035,4,1016,91.72737397193316,True,False
201500049408,2015-01-14,2015,janvier,mercredi,18:25,69387,45.7387,4.84113,4,7031,140.6188953000166,True,False
201500049437,2015-01-07,2015,janvier,mercredi,19:05,69387,45.7284,4.8509,1,8057,493.92148009762263,True,False
201500049437,2015-01-07,2015,janvier,mercredi,19:05,69387,45.7284,4.8509,4,8057,493.92148009762263,True,False
201500049443,2015-01-22,2015,janvier,jeudi,21:35,69388,45.7402,4.87747,4,8058,177.2763703192156,True,False
201600004359,2016-07-01,2016,juillet,vendredi,12:00,69059,45.861,4.707,3,32001,9854.051721540925,False,True
201600004381,2016-08-17,2016,août,mercredi,09:30,69287,45.713,5.056,3,15001,9708.383444844096,False,True
201600004419,2016-04-10,2016,avril,dimanche,10:00,69255,45.739,4.682,2,23001,7968.1773395572845,False,True
201600004433,2016-10-20,2016,octobre,jeudi,15:00,69296,45.65266,4.84828,4,18001,6005.270688767468,False,True
201600004470,2016-06-03,2016,juin,vendredi,18:45,69019,46.112,4.733,3,32001,30555.371822622015,False,True
201600004471,2016-08-17,2016,août,mercredi,09:15,69197,46.057,4.662,3,32001,26904.58298132909,False,True
201600032888,2016-03-22,2016,mars,mardi,08:45,69091,45.59638,4.76666,4,19001,11492.354790000569,False,True
201600032957,2016-01-25,2016,janvier,lundi,14:20,69266,45.76366,4.87183,1,10073,248.6824031612054,True,False
201600032979,2016-02-27,2016,février,samedi,11:00,69256,45.76166,4.93694,4,12001,1272.731333225301,False,True
201600032998,2016-04-13,2016,avril,mercredi,18:25,69266,45.76041,4.88069,4,10018,165.84034595514123,True,False
201600032998,2016-04-13,2016,avril,mercredi,18:25,69266,45.76041,4.88069,1,10018,165.84034595514123,True,False
201600033009,2016-04-28,2016,avril,jeudi,20:38,69256,45.78716,4.92513,3,555,1741.5278071172174,False,True
201600033022,2016-05-13,2016,mai,vendredi,14:20,69266,45.74926,4.91424,4,10016,314.59489723165825,True,False
201600033038,2016-06-01,2016,juin,mercredi,23:20,69266,45.77077,4.86711,3,10006,316.7212946325067,True,False
201600033049,2016-06-07,2016,juin,mardi,07:50,69256,45.77236,4.93386,4,12002,1437.707532733024,False,True
201600033073,2016-06-13,2016,juin,lundi,19:10,69290,45.72058,4.92272,4,15001,937.5450320258249,False,True
201600033113,2016-08-23,2016,août,mardi,18:20,69290,45.72036,4.94105,2,15001,1023.3217951226512,False,True
201600033115,2016-08-26,2016,août,vendredi,10:00,69266,45.77508,4.88033,2,10080,36.972453369332186,True,False
201600033125,2016-09-12,2016,septembre,lundi,10:10,69266,45.77272,4.86194,4,10072,246.46595520091563,True,False
201600033126,2016-09-13,2016,septembre,mardi,06:10,69029,45.72786,4.91597,4,14004,884.5312695239967,False,True
201600033144,2016-10-03,2016,octobre,lundi,16:20,69266,45.77077,4.87039,3,10061,172.56491468359857,True,False
201600033156,2016-08-31,2016,août,mercredi,12:50,69266,45.75564,4.8893,4,10113,174.52204762178025,True,False
201600033161,2016-10-17,2016,octobre,lundi,22:20,69266,45.76903,4.90568,4,10118,443.986882075247,True,False
201600033169,2016-10-29,2016,octobre,samedi,19:00,69266,45.77931,4.87921,4,10008,108.94242252401956,True,False
201600033175,2016-11-04,2016,novembre,vendredi,13:45,69266,45.77954,4.87508,2,10056,276.4189365803503,True,False
201600033203,2016-10-30,2016,octobre,dimanche,15:35,69290,45.71158,4.90228,4,15002,633.1248301159567,False,True
201600033209,2016-11-24,2016,novembre,jeudi,06:30,69266,45.76095,4.88476,4,10034,145.58209437707401,True,False
201600048254,2016-01-11,2016,janvier,lundi,10:50,69389,45.4718,4.4852,3,19001,34811.09463153095,False,True
201600048337,2016-03-20,2016,mars,dimanche,10:45,69382,45.45088,4.49442,1,19001,36060.10581114114,False,True
201600048347,2016-03-24,2016,mars,jeudi,19:20,69034,45.79211,4.86086,4,6042,881.1425208981941,False,True
201600048362,2016-04-06,2016,avril,mercredi,13:30,69286,45.8218,4.90022,4,30002,1053.331288965266,False,True
201600048370,2016-04-10,2016,avril,dimanche,14:45,69389,45.46046,4.48197,3,19001,35903.82021854091,False,True
201600048375,2016-04-14,2016,avril,jeudi,08:55,69389,45.45558,4.48213,4,19001,36297.00918818238,False,True
201600048386,2016-04-21,2016,avril,jeudi,16:00,69152,45.6935,4.82838,3,18001,1218.5102510852923,False,True
201600048393,2016-04-29,2016,avril,vendredi,10:45,69389,47.48037,4.50171,3,32001,183473.2102026442,False,True
201600048399,2016-05-04,2016,mai,mercredi,13:30,69385,45.45128,4.49082,4,19001,36208.57280559096,False,True
201600048414,2016-05-15,2016,mai,dimanche,12:50,69202,45.43279,4.46573,4,19001,39043.92406297383,False,True
201600048420,2016-05-17,2016,mai,mardi,19:37,69385,45.45264,4.48547,4,19001,36368.1943775416,False,True
201600048452,2016-06-09,2016,juin,jeudi,15:00,69149,45.71702,4.80969,4,20001,340.2101680995211,True,False
201600048483,2016-06-23,2016,juin,jeudi,08:20,69081,45.4,4.46,4,19001,42143.73336472111,False,True
201600048489,2016-06-24,2016,juin,vendredi,20:20,69149,45.7158,4.81905,4,20001,408.90157956142485,True,False
201600048498,2016-07-02,2016,juillet,samedi,15:30,69081,45.45593,6.087,4,15001,94440.64407946936,False,True
201600048501,2016-07-03,2016,juillet,dimanche,12:00,69152,45.69616,4.82586,3,18001,866.8333213115556,False,True
201600048505,2016-07-06,2016,juillet,mercredi,13:35,69081,45.77255,4.79088,3,9010,463.0129312224613,True,False
201600048517,2016-07-11,2016,juillet,lundi,10:30,69152,45.70033,4.82024,4,18001,332.6660018338515,True,False
201600048519,2016-07-11,2016,juillet,lundi,18:10,69081,45.7843,4.78213,3,9050,960.3854121028519,False,True
201600048520,2016-07-08,2016,juillet,vendredi,11:00,69152,45.7038,4.82074,4,18001,71.46207291765937,True,False
201600048527,2016-07-15,2016,juillet,vendredi,19:15,69382,45.44364,4.49071,3,19001,36862.57580620607,False,True
201600048529,2016-07-18,2016,juillet,lundi,21:20,69385,45.45431,4.4933,3,19001,35827.03181224173,False,True
201600048542,2016-07-24,2016,juillet,dimanche,07:50,69142,43.0,4.0,3,19001,306566.39431983675,False,True
201600048543,2016-07-27,2016,juillet,mercredi,15:30,69381,45.45549,4.49527,3,19001,35627.321116812884,False,True
201600048576,2016-08-24,2016,août,mercredi,20:40,69384,45.4627,4.48464,4,19001,35579.51927846118,False,True
201600048579,2016-08-26,2016,août,vendredi,11:35,69385,45.46,4.49418,4,19001,35305.00834793792,False,True
201600048585,2016-08-30,2016,août,mardi,19:25,69385,45.46005,4.49135,4,19001,35447.130253617805,False,True
201600048585,2016-08-30,2016,août,mardi,19:25,69385,45.46005,4.49135,1,19001,35447.130253617805,False,True
201600048588,2016-08-25,2016,août,jeudi,17:15,69152,45.70022,4.82299,3,18001,363.83788365861517,True,False
201600048589,2016-09-02,2016,septembre,vendredi,02:00,69381,45.461,4.49373,4,19001,35244.90720506656,False,True
201600048590,2016-09-02,2016,septembre,vendredi,09:20,69385,45.45184,4.49271,4,19001,36065.33356050259,False,True
201600048607,2016-09-02,2016,septembre,vendredi,06:25,69152,45.69669,4.81175,3,18001,1034.562774843353,False,True
201600048618,2016-09-17,2016,septembre,samedi,17:45,69389,45.47223,4.47128,4,19001,35535.235298284635,False,True
201600048623,2016-09-19,2016,septembre,lundi,07:25,69202,45.73239,4.80386,3,2019,987.9101458224236,False,True
201600048626,2016-09-20,2016,septembre,mardi,15:25,69385,45.75944,4.82546,4,5004,142.09289062289372,True,False
201600048627,2016-09-21,2016,septembre,mercredi,19:35,69385,45.75465,4.81243,4,5007,367.67252327560334,True,False
201600048640,2016-09-28,2016,septembre,mercredi,17:20,69385,45.75663,4.80729,4,5016,357.1610588269375,True,False
201600048645,2016-09-30,2016,septembre,vendredi,13:30,69389,45.77899,4.80543,4,9022,135.26288073223316,True,False
201600048653,2016-10-05,2016,octobre,mercredi,15:15,69286,49.83024,4.90681,4,32001,443058.22965580114,False,True
201600048656,2016-10-05,2016,octobre,mercredi,18:30,69034,45.79165,4.82378,1,11003,18.01345715878979,True,False
201600048671,2016-10-10,2016,octobre,lundi,12:05,69385,45.7606,4.82845,4,5004,148.27801597089086,True,False
201600048673,2016-10-14,2016,octobre,vendredi,16:04,69385,45.75653,4.79845,4,5002,142.28588257894816,True,False
201600048684,2016-10-18,2016,octobre,mardi,08:30,69389,45.78178,4.81015,4,9014,33.25880091766532,True,False
201600048688,2016-10-21,2016,octobre,vendredi,01:45,69384,45.77,4.8113,4,9011,109.33155762788857,True,False
201600048695,2016-10-25,2016,octobre,mardi,23:10,69389,45.77642,4.79676,3,9043,232.91053425160032,True,False
201600048704,2016-11-01,2016,novembre,mardi,11:15,69385,45.75392,4.79812,3,5002,313.3136895331973,True,False
201600048759,2016-12-12,2016,décembre,lundi,18:25,69382,45.45484,4.50124,3,19001,35380.42766697877,False,True
201600049002,2016-01-25,2016,janvier,lundi,10:10,69388,45.43,4.52,3,19001,36665.05699392635,False,True
201600049004,2016-01-26,2016,janvier,mardi,10:55,69383,45.45491,4.51303,4,19001,34789.12536229836,False,True
201600049015,2016-01-31,2016,janvier,dimanche,04:10,69383,45.75634,4.84041,3,3097,35.264710858171256,True,False
201600049054,2016-03-05,2016,mars,samedi,09:40,69388,45.44391,4.51566,3,19001,35623.397507170295,False,True
201600049079,2016-03-17,2016,mars,jeudi,09:28,69388,45.44124,4.51464,1,19001,35907.64871763663,False,True
201600049082,2016-03-18,2016,mars,vendredi,09:30,69387,45.0,4.5044,4,19001,80845.85496911105,False,True
201600049105,2016-03-31,2016,mars,jeudi,06:40,69388,45.0,4.0,4,19001,99386.71760758384,False,True
201600049114,2016-04-04,2016,avril,lundi,19:30,69388,45.44424,4.52195,1,19001,35297.6904890789,False,True
201600049138,2016-04-21,2016,avril,jeudi,17:30,69383,45.7708,4.83722,4,1022,145.238627016437,True,False
201600049199,2016-05-17,2016,mai,mardi,20:40,69386,45.76804,4.85264,3,6039,154.50346986852085,True,False
201600049209,2016-05-20,2016,mai,vendredi,14:40,69388,45.44469,4.5144,3,19001,35614.58331952953,False,True
201600049211,2016-05-21,2016,mai,samedi,03:10,69387,45.75434,4.84536,3,7008,215.5914978551549,True,False
201600049242,2016-06-08,2016,juin,mercredi,07:20,69388,45.44377,4.51445,3,19001,35693.23130917663,False,True
201600049246,2016-06-09,2016,juin,jeudi,07:40,69387,45.43472,0.317,4,23001,348987.9845517633,False,True
201600049283,2016-06-23,2016,juin,jeudi,15:55,69383,45.45336,4.51135,3,19001,35005.54117384809,False,True
201600049289,2016-06-25,2016,juin,samedi,10:30,69388,45.44346,4.52419,4,19001,35262.73743008601,False,True
201600049298,2016-07-01,2016,juillet,vendredi,12:15,69259,45.69713,4.88883,4,15002,1357.4876976317557,False,True
201600049302,2016-07-04,2016,juillet,lundi,16:30,69387,45.44332,5.0252,4,15002,30766.4461135997,False,True
201600049309,2016-07-06,2016,juillet,mercredi,10:45,69388,45.44101,4.51435,4,19001,35941.70260414197,False,True
201600049415,2016-09-12,2016,septembre,lundi,16:15,69387,45.4456,4.50292,4,19001,36090.008086195165,False,True
201600049429,2016-09-19,2016,septembre,lundi,17:40,69387,45.75158,4.8537,4,7003,89.65759283038393,True,False
201600049457,2016-09-29,2016,septembre,jeudi,16:55,69387,45.73949,4.85187,4,8011,436.24252242914423,True,False
201600049506,2016-10-17,2016,octobre,lundi,15:45,69387,45.74418,4.84131,4,7055,294.660223172256,True,False
201600049510,2016-10-19,2016,octobre,mercredi,21:40,69383,45.75265,4.86582,4,3067,149.93095863990945,True,False
201600049535,2016-11-04,2016,novembre,vendredi,07:00,69387,45.74344,4.84099,4,7055,380.29873703490466,True,False
201600049547,2016-11-15,2016,novembre,mardi,13:30,69387,45.74516,4.84198,3,7055,180.10886845357527,True,False
201600049633,2016-12-31,2016,décembre,samedi,03:15,69383,45.76362,4.85491,3,6028,136.37499789149365,True,False
201700001777,2017-02-24,2017,février,vendredi,03:00,69089,45.74735,4.77716,3,5045,969.9688154877773,False,True
201700001837,2017-02-25,2017,février,samedi,15:45,69116,45.84243,4.78451,3,32001,3731.819869395952,False,True
201700001854,2017-01-30,2017,janvier,lundi,08:50,69003,45.85455,4.83079,4,32001,955.2022379381685,False,True
201700001856,2017-02-25,2017,février,samedi,15:10,69233,45.83629,4.82271,3,32001,1318.4923108799198,False,True
201700001857,2017-02-23,2017,février,jeudi,15:45,69207,45.88004,4.80747,4,32001,4245.867123141154,False,True
201700001858,2017-03-25,2017,mars,samedi,14:30,69163,45.93197,4.7659,4,32001,10853.954646674903,False,True
201700001873,2017-06-08,2017,juin,jeudi,13:45,69207,45.88936,4.80575,3,32001,5241.200904016942,False,True
201700001878,2017-07-07,2017,juillet,vendredi,19:25,69163,45.90943,4.79173,3,32001,7720.721730129493,False,True
201700001888,2017-12-05,2017,décembre,mardi,16:15,69085,45.86293,4.84934,3,32001,2291.073537104799,False,True
201700001899,2017-03-05,2017,mars,dimanche,10:55,69287,45.68443,5.02529,3,15001,8048.2711859308765,False,True
201700001928,2017-09-14,2017,septembre,jeudi,18:50,69057,45.76961,4.59785,2,24001,14026.9037021378,False,True
201700001947,2017-04-09,2017,avril,dimanche,11:55,69249,45.68528,4.63782,4,19001,12261.99810147532,False,True
201700001954,2017-11-11,2017,novembre,samedi,12:00,69154,45.75596,4.63219,3,23001,11390.121397051542,False,True
201700001965,2017-07-24,2017,juillet,lundi,17:40,69296,45.64312,4.81807,4,19001,6353.1561128928315,False,True
201700001973,2017-04-14,2017,avril,vendredi,15:30,69179,45.60387,4.69083,2,19001,13204.768395065365,False,True
201700001995,2017-08-21,2017,août,lundi,10:10,69121,45.85685,4.66918,3,24001,12426.81977214506,False,True
201700002015,2017-10-31,2017,octobre,mardi,14:50,69242,46.11452,4.75216,4,32001,30491.445264659975,False,True
201700002036,2017-02-25,2017,février,samedi,16:50,69157,45.87695,4.49928,3,24001,24421.748486485914,False,True
201700002054,2017-04-24,2017,avril,lundi,14:30,69160,46.16718,4.44152,3,32001,46761.01224778762,False,True
201700007050,2017-02-18,2017,février,samedi,11:35,69268,45.66378,4.77955,4,19001,3967.4386358054967,False,True
201700007059,2017-07-27,2017,juillet,jeudi,12:00,69268,45.65017,4.75127,3,19001,6283.97715617163,False,True
201700019105,2017-05-08,2017,mai,lundi,09:50,69135,46.21075,4.53164,3,32001,46731.61028294959,False,True
201700019107,2017-06-23,2017,juin,vendredi,16:40,69053,46.21351,4.70562,4,32001,42017.465973832004,False,True
201700023035,2017-09-26,2017,septembre,mardi,18:10,69283,45.6721,4.93335,4,15002,4532.4168372631475,False,True
201700023037,2017-12-06,2017,décembre,mercredi,16:00,69283,45.64793,4.95849,3,15001,7696.790081160101,False,True
201700024482,2017-08-01,2017,août,mardi,19:30,69280,45.80003,5.079,4,13001,10057.81733552932,False,True
201700024484,2017-09-21,2017,septembre,jeudi,14:05,69285,45.75888,5.05175,3,13001,7588.337870574877,False,True
201700034578,2017-08-22,2017,août,mardi,13:08,69091,45.56821,4.77844,3,19001,14471.799125045032,False,True
201700034581,2017-09-13,2017,septembre,mercredi,17:46,69091,45.58918,4.771,3,19001,12224.140733969398,False,True
201700034613,2017-07-16,2017,juillet,dimanche,19:45,69264,45.98885,4.72407,3,32001,17956.226732451323,False,True
201700034645,2017-12-31,2017,décembre,dimanche,17:30,69282,45.76769,5.00211,4,13001,3628.434986388539,False,True
201700034660,2017-02-17,2017,février,vendredi,16:30,69256,45.78122,4.92905,4,555,1877.3854402021848,False,True
201700034671,2017-03-01,2017,mars,mercredi,10:00,69029,45.73361,4.90868,4,14004,47.304784891983864,True,False
201700034700,2017-04-08,2017,avril,samedi,08:40,69266,45.77348,4.89535,3,10030,123.13993607504867,True,False
201700034712,2017-04-24,2017,avril,lundi,18:27,69266,45.75499,4.88593,4,10112,82.94258528030896,True,False
201700034713,2017-05-07,2017,mai,dimanche,11:35,69282,45.78402,5.00126,4,13001,3779.9595879440067,False,True
201700034720,2017-05-15,2017,mai,lundi,14:50,69256,45.76337,4.93694,4,12001,1299.1339918198835,False,True
201700034728,2017-05-24,2017,mai,mercredi,13:10,69266,45.75956,4.88499,4,10110,174.64100983108082,True,False
201700034730,2017-05-27,2017,mai,samedi,20:45,69029,45.73439,4.89702,4,8059,590.7776843873787,False,True
201700034731,2017-05-27,2017,mai,samedi,23:55,69266,45.76666,4.89742,4,10118,253.4837891439896,True,False
201700034757,2017-06-22,2017,juin,jeudi,18:00,69266,45.7573,4.90304,4,10032,237.81658911271407,True,False
201700034764,2017-07-02,2017,juillet,dimanche,15:00,69282,45.76198,4.99109,4,13001,2957.003568413243,False,True
201700034764,2017-07-02,2017,juillet,dimanche,15:00,69282,45.76198,4.99109,4,13001,2957.003568413243,False,True
201700034766,2017-07-04,2017,juillet,mardi,12:10,69266,45.759,4.885,4,10063,121.43250721971445,True,False
201700034795,2017-08-03,2017,août,jeudi,17:25,69266,45.78029,4.883,4,10083,285.39155187735474,True,False
201700034797,2017-08-04,2017,août,vendredi,21:25,69266,45.75687,4.89973,4,10032,38.875838160746596,True,False
201700034799,2017-08-05,2017,août,samedi,13:55,69266,45.769,4.872,1,10061,211.5536662020709,True,False
201700034809,2017-08-16,2017,août,mercredi,11:50,69256,45.77134,4.90844,3,10014,689.3950684957894,False,True
201700034814,2017-08-19,2017,août,samedi,09:15,69029,45.72977,4.91675,3,14003,763.3954953605667,False,True
201700034827,2017-09-03,2017,septembre,dimanche,12:00,69275,45.76362,4.96313,4,13001,1085.519276998823,False,True
201700034830,2017-09-14,2017,septembre,jeudi,07:45,69290,45.69809,4.92558,4,15001,1864.1628590993867,False,True
201700034831,2017-09-14,2017,septembre,jeudi,17:50,69266,45.77278,4.86632,3,10072,226.33621422179476,True,False
201700034836,2017-09-21,2017,septembre,jeudi,06:35,69029,45.72472,4.915,3,14004,1142.3677730699414,False,True
201700034849,2017-10-03,2017,octobre,mardi,13:55,69275,45.75712,4.9426,4,12001,1760.2631122393584,False,True
201700034877,2017-10-15,2017,octobre,dimanche,17:58,69256,45.78138,4.92934,4,555,1900.7793896997302,False,True
201700034889,2017-11-02,2017,novembre,jeudi,17:00,69282,45.7564,4.9876,3,13001,3014.377277654228,False,True
201700034917,2017-11-28,2017,novembre,mardi,07:50,69029,45.73697,4.91913,3,14003,168.8203071776285,True,False
201700034921,2017-12-07,2017,décembre,jeudi,20:30,69266,45.75687,4.89975,4,10032,38.12545351034467,True,False
201700049896,2017-01-02,2017,janvier,lundi,13:00,69381,45.77052,4.83781,4,1022,115.15109243435964,True,False
201700049908,2017-01-04,2017,janvier,mercredi,12:30,69081,45.79425,4.77074,3,9050,2183.2019166172145,False,True
201700049909,2017-01-07,2017,janvier,samedi,10:44,69034,45.78346,4.83297,3,4003,435.9998625057417,True,False
201700049995,2017-03-18,2017,mars,samedi,08:40,69389,45.79784,4.83007,3,9008,92.92014378181639,True,False
201700049996,2017-03-18,2017,mars,samedi,20:15,69381,45.7679,4.83775,3,1022,179.89209265673594,True,False
201700050019,2017-04-01,2017,avril,samedi,01:45,69381,45.76756,4.83793,4,1022,219.21985018447327,True,False
201700050045,2017-04-06,2017,avril,jeudi,09:00,69382,45.75379,4.82523,4,2003,251.81778918914736,True,False
201700050048,2017-04-18,2017,avril,mardi,16:00,69034,45.79911,4.84645,4,11004,857.1797819700427,False,True
201700050050,2017-04-14,2017,avril,vendredi,11:20,69385,45.76304,4.82939,1,5006,121.97698958295669,True,False
201700050059,2017-04-23,2017,avril,dimanche,03:36,69382,45.76304,4.8333,4,2016,73.74639391136166,True,False
201700050075,2017-05-05,2017,mai,vendredi,08:05,69385,45.75461,4.7883,4,5045,459.11403560138217,True,False
201700050115,2017-05-30,2017,mai,mardi,09:35,69381,45.77079,4.82871,4,1003,199.84061833002065,True,False
201700050134,2017-06-11,2017,juin,dimanche,12:40,69389,45.78298,4.8112,3,9014,123.84112087826972,True,False
201700050137,2017-06-13,2017,juin,mardi,17:30,69389,45.773,4.808,4,9029,19.104889548918134,True,False
201700050144,2017-06-20,2017,juin,mardi,16:45,69382,45.75702,4.83595,3,2001,151.46450407287264,True,False
201700050150,2017-06-27,2017,juin,mardi,21:11,69382,45.75887,4.83091,4,2036,90.50228650702087,True,False
201700050159,2017-07-03,2017,juillet,lundi,09:40,69286,45.80561,4.88268,4,30002,1324.30155454023,False,True
201700050184,2017-07-17,2017,juillet,lundi,17:50,69384,45.77596,4.82105,3,4014,168.54038208034027,True,False
201700050201,2017-08-03,2017,août,jeudi,09:30,69142,45.70659,4.80504,3,20002,837.5789842697234,False,True
201700050206,2017-08-04,2017,août,vendredi,12:00,69389,45.7866,4.7939,3,9050,325.8604733881171,True,False
201700050214,2017-08-11,2017,août,vendredi,02:30,69382,45.7635,4.8382,4,2017,223.455550478065,True,False
201700050215,2017-08-10,2017,août,jeudi,15:17,69286,45.81524,4.89656,2,30002,630.4458315573694,False,True
201700050227,2017-08-24,2017,août,jeudi,22:59,69382,45.7429,4.82125,3,2028,184.78733547254313,True,False
201700050231,2017-08-29,2017,août,mardi,06:15,69389,45.80315,4.83942,3,9008,1026.8409015756963,False,True
201700050233,2017-08-30,2017,août,mercredi,18:10,69382,45.7653,4.83639,1,1005,287.80644627793026,True,False
201700050247,2017-09-07,2017,septembre,jeudi,08:55,69385,45.7653,4.82916,4,1016,165.88328622851918,True,False
201700050258,2017-09-14,2017,septembre,jeudi,11:00,69382,45.75055,4.8319,4,2004,305.65990662381677,True,False
201700050264,2017-09-16,2017,septembre,samedi,15:00,69382,45.76639,4.83863,4,6032,286.949622436028,True,False
201700050276,2017-09-22,2017,septembre,vendredi,15:21,69385,45.75771,4.82459,3,5040,118.36286542252284,True,False
201700050285,2017-09-28,2017,septembre,jeudi,09:00,69149,45.71,4.8,1,20002,683.8571528028572,False,True
201700050285,2017-09-28,2017,septembre,jeudi,09:00,69149,45.71,4.8,4,20002,683.8571528028572,False,True
201700050288,2017-09-29,2017,septembre,vendredi,16:45,69382,45.75385,4.83431,3,2012,85.33469304973546,True,False
201700050299,2017-10-05,2017,octobre,jeudi,22:10,69381,45.76775,4.83795,4,1022,198.64093902530675,True,False
201700050301,2017-10-07,2017,octobre,samedi,12:12,69034,45.79177,4.83775,4,11004,442.1811020971019,True,False
201700050319,2017-10-18,2017,octobre,mercredi,17:50,69034,45.79808,4.84872,4,11004,819.5530042541168,False,True
201700050332,2017-10-23,2017,octobre,lundi,18:55,69381,45.76616,4.83808,4,6032,308.75518173439457,True,False
201700050335,2017-10-25,2017,octobre,mercredi,18:45,69381,45.77405,4.82659,4,4002,90.82618346134359,True,False
201700050338,2017-10-26,2017,octobre,jeudi,20:00,69382,45.73524,4.81732,1,2019,187.6210714926621,True,False
201700050365,2017-10-24,2017,octobre,mardi,21:45,69286,45.81703,4.89137,4,30002,207.7527473385958,True,False
201700050381,2017-11-19,2017,novembre,dimanche,20:20,69381,45.77081,4.82862,1,1003,205.5887598175666,True,False
201700050405,2017-12-13,2017,décembre,mercredi,18:30,69202,45.74164,4.79968,4,22001,889.4018909286443,False,True
201700050406,2017-12-13,2017,décembre,mercredi,21:00,69385,45.75162,4.82159,1,5015,39.317115187047776,True,False
201700050407,2017-12-11,2017,décembre,lundi,19:40,69381,45.7667,4.834,3,1005,113.27762427570968,True,False
201700050407,2017-12-11,2017,décembre,lundi,19:40,69381,45.7667,4.834,3,1005,113.27762427570968,True,False
201700050421,2017-12-23,2017,décembre,samedi,18:45,69385,45.7561,4.81772,4,5053,92.98796569091445,True,False
201700050579,2017-01-01,2017,janvier,dimanche,02:55,69386,45.76932,4.85037,3,6021,153.02168520331463,True,False
201700050581,2017-01-01,2017,janvier,dimanche,21:55,69387,45.7539,4.83854,4,7014,245.12499968110697,True,False
201700050584,2017-01-05,2017,janvier,jeudi,16:50,69259,45.69731,4.89038,4,15002,1262.1094202404724,False,True
201700050588,2017-01-06,2017,janvier,vendredi,09:55,69387,45.75193,4.83696,4,7035,210.0465913079232,True,False
201700050591,2017-01-06,2017,janvier,vendredi,21:00,69387,45.75477,4.84452,4,7008,285.92959641939774,True,False
201700050595,2017-01-11,2017,janvier,mercredi,08:10,69388,45.73015,4.87847,4,8021,201.2858508261242,True,False
201700050597,2017-01-05,2017,janvier,jeudi,19:50,69387,45.74531,4.84618,4,7011,197.2550486051927,True,False
201700050601,2017-01-12,2017,janvier,jeudi,18:00,69383,45.75503,4.87062,4,3043,280.4968031545247,True,False
201700050617,2017-01-21,2017,janvier,samedi,14:10,69387,45.74918,4.8384,4,7024,179.79854032436552,True,False
201700050639,2017-02-04,2017,février,samedi,19:20,69388,45.73146,4.86631,1,8029,137.67560188869214,True,False
201700050669,2017-03-02,2017,mars,jeudi,19:45,69387,45.748,4.847,4,7041,245.98468352623152,True,False
201700050671,2017-03-03,2017,mars,vendredi,08:40,69388,45.738,4.884,3,8040,192.00176464327873,True,False
201700050677,2017-03-08,2017,mars,mercredi,20:59,69387,45.74532,4.84195,3,7055,162.42258911891298,True,False
201700050711,2017-03-25,2017,mars,samedi,23:00,69383,45.75715,4.8412,3,3097,78.60913968450387,True,False
201700050713,2017-03-27,2017,mars,lundi,09:00,69388,45.727,4.853,4,16001,439.01516279425465,True,False
201700050728,2017-04-03,2017,avril,lundi,17:35,69276,45.6664,4.85868,4,17003,4686.392813726345,False,True
201700050732,2017-04-04,2017,avril,mardi,13:00,69386,45.76596,4.84398,4,6032,225.99759445183417,True,False
201700050735,2017-04-05,2017,avril,mercredi,16:30,69388,45.733,4.862,4,8037,134.11046825138752,True,False
201700050736,2017-04-05,2017,avril,mercredi,16:30,69387,45.73135,4.83365,1,7021,389.09885656202846,True,False
201700050736,2017-04-05,2017,avril,mercredi,16:30,69387,45.73135,4.83365,4,7021,389.09885656202846,True,False
201700050740,2017-04-08,2017,avril,samedi,22:25,69383,45.75817,4.84494,3,3088,137.8450942777482,True,False
201700050749,2017-04-12,2017,avril,mercredi,17:41,69386,45.76417,4.85335,4,6028,22.360431112295018,True,False
201700050759,2017-04-19,2017,avril,mercredi,07:20,69383,45.75485,4.84996,4,3005,191.16052348236377,True,False
201700050761,2017-04-19,2017,avril,mercredi,15:09,69387,45.7381,4.83766,3,7009,67.77402969766598,True,False
201700050776,2017-04-27,2017,avril,jeudi,17:00,69387,45.75171,4.83898,4,7035,87.98971328520618,True,False
201700050796,2017-05-08,2017,mai,lundi,13:25,69386,45.76752,4.85875,4,6001,70.98425888196616,True,False
201700050809,2017-05-14,2017,mai,dimanche,19:00,69387,45.76521,4.85899,4,6001,187.2153810204291,True,False
201700050812,2017-05-16,2017,mai,mardi,14:00,69383,45.76521,4.85899,3,6001,187.2153810204291,True,False
201700050813,2017-05-16,2017,mai,mardi,15:45,69388,45.73621,4.86964,4,8009,32.17267438048929,True,False
201700050814,2017-05-16,2017,mai,mardi,18:35,69259,45.71432,4.87273,3,17003,1051.8518319790082,False,True
201700050817,2017-05-19,2017,mai,vendredi,02:00,69386,45.7666,4.858,3,6001,78.58864736207207,True,False
201700050823,2017-05-22,2017,mai,lundi,11:15,69383,45.758,4.86181,4,3094,31.468644535806508,True,False
201700050825,2017-05-23,2017,mai,mardi,09:00,69383,45.75,4.85,4,7039,194.63999238159334,True,False
201700050833,2017-05-26,2017,mai,vendredi,16:30,69387,45.73138,4.83625,3,7021,229.55076964289526,True,False
201700050839,2017-05-30,2017,mai,mardi,00:38,69259,45.7,4.8,4,19001,478.101629997454,True,False
201700050843,2017-05-31,2017,mai,mercredi,17:40,69383,45.75411,4.86415,3,3066,48.11907716906431,True,False
201700050856,2017-06-02,2017,juin,vendredi,16:30,69387,45.74233,4.83975,4,7031,281.66937381549326,True,False
201700050857,2017-06-05,2017,juin,lundi,11:20,69386,45.76,4.85,4,3004,149.58264953231262,True,False
201700050860,2017-05-28,2017,mai,dimanche,00:15,69386,45.77799,4.84441,4,6002,65.54608380360742,True,False
201700050861,2017-06-07,2017,juin,mercredi,13:00,69383,45.75,4.86,4,3009,163.86041385061284,True,False
201700050868,2017-06-08,2017,juin,jeudi,19:20,69383,45.75085,4.86074,4,3009,228.79113298471123,True,False
201700050871,2017-06-09,2017,juin,vendredi,20:00,69388,45.7294,4.86763,4,8006,58.09542509017595,True,False
201700050872,2017-06-10,2017,juin,samedi,00:45,69383,45.74816,4.84575,4,7041,192.7261595676429,True,False
201700050883,2017-06-15,2017,juin,jeudi,18:45,69386,45.77,4.84,4,6022,195.7748330228399,True,False
201700050898,2017-06-24,2017,juin,samedi,14:05,69383,45.76141,4.8692,4,3101,90.61848903627869,True,False
201700050899,2017-06-27,2017,juin,mardi,23:30,69387,45.73123,4.83364,4,7021,384.04603943279807,True,False
201700050911,2017-07-04,2017,juillet,mardi,14:20,69388,45.73084,4.86559,3,8029,173.87642532848702,True,False
201700050918,2017-07-07,2017,juillet,vendredi,11:00,69387,45.75429,4.84557,1,3005,200.39130384791616,True,False
201700050940,2017-07-19,2017,juillet,mercredi,09:40,69383,45.75129,4.88322,4,3012,370.87447633099146,True,False
201700050946,2017-07-21,2017,juillet,vendredi,08:30,69387,45.74794,4.83379,4,2004,509.5892261438199,False,True
201700050947,2017-07-21,2017,juillet,vendredi,08:20,69383,45.75463,4.86665,4,3043,90.2070026461703,True,False
201700050951,2017-07-23,2017,juillet,dimanche,16:05,69386,45.7082,4.83566,1,18001,1250.4672081975325,False,True
201700050953,2017-07-27,2017,juillet,jeudi,19:50,69383,45.75804,4.86159,4,3094,26.497433390712033,True,False
201700050959,2017-08-01,2017,août,mardi,14:30,69386,45.76634,4.84777,4,6033,292.35126379690524,True,False
201700051003,2017-08-29,2017,août,mardi,13:00,69383,45.76143,4.86955,4,3101,107.90054851546721,True,False
201700051009,2017-09-01,2017,septembre,vendredi,20:15,69387,45.74133,4.84082,4,7031,171.78421504192931,True,False
201700051021,2017-09-08,2017,septembre,vendredi,08:40,69387,45.75,4.84,3,7035,119.37259656160714,True,False
201700051026,2017-09-12,2017,septembre,mardi,07:40,69276,45.67553,4.86937,4,17003,3707.3288197591983,False,True
201700051028,2017-09-15,2017,septembre,vendredi,14:20,69386,45.76911,4.84602,1,6004,94.19335831212047,True,False
201700051040,2017-09-08,2017,septembre,vendredi,23:50,69387,45.75401,4.83863,4,7014,244.2238610296165,True,False
201700051050,2017-09-25,2017,septembre,lundi,18:30,69388,45.74034,4.88128,4,8058,307.72546167179087,True,False
201700051055,2017-09-26,2017,septembre,mardi,19:10,69387,45.75248,4.84975,4,3029,67.57540413373465,True,False
201700051056,2017-09-27,2017,septembre,mercredi,16:30,69259,45.70189,4.88097,4,15002,1611.740648882168,False,True
201700051059,2017-09-28,2017,septembre,jeudi,08:00,69386,45.7721,4.85384,1,6003,206.20080085706934,True,False
201700051064,2017-09-29,2017,septembre,vendredi,12:45,69383,45.75,4.885,4,3012,185.7222881867428,True,False
201700051069,2017-09-30,2017,septembre,samedi,18:30,69387,45.7423,4.833,4,7030,131.83937569990445,True,False
201700051077,2017-10-04,2017,octobre,mercredi,11:25,69386,45.765,4.8448,3,6031,162.7230267537317,True,False
201700051078,2017-10-04,2017,octobre,mercredi,17:50,69383,45.75713,4.86247,4,3094,105.86517789826361,True,False
201700051080,2017-10-05,2017,octobre,jeudi,07:30,69387,45.75436,4.84538,3,3005,216.77489379252208,True,False
201700051084,2017-10-06,2017,octobre,vendredi,13:00,69383,45.74969,4.87353,3,3086,187.06323339643055,True,False
201700051086,2017-10-08,2017,octobre,dimanche,01:05,69387,45.74558,4.8413,4,7055,145.502170201146,True,False
201700051094,2017-10-11,2017,octobre,mercredi,08:19,69388,45.74,4.867,4,8054,136.27601475340802,True,False
201700051117,2017-10-21,2017,octobre,samedi,22:30,69199,45.71193,4.85305,4,17002,399.05666775747966,True,False
201700051118,2017-10-16,2017,octobre,lundi,20:55,69387,45.75166,4.84562,4,7008,107.42255278045805,True,False
201700051126,2017-10-27,2017,octobre,vendredi,17:33,69386,45.77768,4.85946,1,10005,229.1253663197158,True,False
201700051126,2017-10-27,2017,octobre,vendredi,17:33,69386,45.77768,4.85946,4,10005,229.1253663197158,True,False
201700051141,2017-11-03,2017,novembre,vendredi,09:40,69383,45.74276,4.8854,3,3089,395.6111026695064,True,False
201700051145,2017-11-03,2017,novembre,vendredi,23:04,69383,45.75019,4.8537,4,3053,180.5199867933389,True,False
201700051152,2017-11-08,2017,novembre,mercredi,13:00,69383,45.75561,4.85919,4,3103,156.7882480961403,True,False
201700051162,2017-11-12,2017,novembre,dimanche,17:00,69388,45.743,4.872,4,8053,161.65529712409648,True,False
201700051165,2017-11-14,2017,novembre,mardi,08:30,69383,47.61937,6.15293,4,32001,221375.67718004587,False,True
201700051166,2017-11-14,2017,novembre,mardi,10:35,69388,45.73802,4.88445,4,8040,201.84309725005954,True,False
201700051168,2017-11-14,2017,novembre,mardi,16:40,69383,45.7522,4.8524,4,7003,44.28351820890776,True,False
201700051187,2017-11-21,2017,novembre,mardi,11:00,69383,45.75,4.88,4,3051,206.9934154810422,True,False
201700051200,2017-11-25,2017,novembre,samedi,13:00,69259,45.72793,4.8573,4,16001,243.04606492021236,True,False
201700051210,2017-11-28,2017,novembre,mardi,22:45,69383,45.76189,4.84125,4,6031,283.0630405951049,True,False
201700051210,2017-11-28,2017,novembre,mardi,22:45,69383,45.76189,4.84125,4,6031,283.0630405951049,True,False
201700051213,2017-11-30,2017,novembre,jeudi,07:25,69388,45.4323,4.53113,4,19001,35956.05339392955,False,True
201700051219,2017-12-06,2017,décembre,mercredi,00:50,69386,45.75,4.85,3,7039,194.63999238159334,True,False
201700051226,2017-12-08,2017,décembre,vendredi,18:25,69387,45.7298,4.84107,4,7021,227.58064288103216,True,False
201700051233,2017-12-11,2017,décembre,lundi,18:00,69388,45.74547,4.87136,1,3008,69.17084987535569,True,False
201700051253,2017-12-19,2017,décembre,mardi,17:30,69387,45.73274,4.82455,3,7013,226.33935518253594,True,False
201700051254,2017-12-19,2017,décembre,mardi,19:00,69386,45.765,4.849,4,6040,131.46418729490603,True,False
201700051264,2017-12-28,2017,décembre,jeudi,11:30,69383,45.75924,4.84264,4,3016,29.05837472633105,True,False
201800001736,2018-02-28,2018,février,mercredi,07:55,69207,45.8833,4.79659,3,32001,4986.315575068811,False,True
201800001747,2018-06-16,2018,juin,samedi,23:30,69143,45.86827,4.83944,4,32001,2531.77377346628,False,True
201800001749,2018-06-18,2018,juin,lundi,19:00,69163,45.9215,4.77561,4,32001,9473.406672942503,False,True
201800001761,2018-12-10,2018,décembre,lundi,15:20,69207,45.88,4.80456,4,32001,4349.118180260143,False,True
201800001763,2018-12-27,2018,décembre,jeudi,16:30,69068,45.84802,4.8319,3,32001,224.32476068612695,True,False
201800001803,2018-09-25,2018,septembre,mardi,09:45,69038,45.76587,4.38863,4,23001,30254.735283886097,False,True
201800001804,2018-10-19,2018,octobre,vendredi,12:20,69220,45.7333,4.47232,3,23001,24000.48268394335,False,True
201800001809,2018-05-05,2018,mai,samedi,16:30,69227,45.69518,4.5574,3,19001,18429.06684113834,False,True
201800001809,2018-05-05,2018,mai,samedi,16:30,69227,45.69518,4.5574,1,19001,18429.06684113834,False,True
201800001811,2018-05-18,2018,mai,vendredi,11:25,69227,45.62511,4.55347,4,19001,20414.870263186476,False,True
201800001815,2018-09-28,2018,septembre,vendredi,16:40,69227,45.65937,4.55857,4,19001,18834.451289816996,False,True
201800001825,2018-04-12,2018,avril,jeudi,12:30,69028,45.71369,4.71362,4,19001,6534.237591777799,False,True
201800001826,2018-04-14,2018,avril,samedi,16:15,69154,45.77259,4.65886,3,24001,9285.6298354248,False,True
201800001831,2018-06-14,2018,juin,jeudi,11:15,69028,45.70992,4.69075,2,19001,8179.577715786335,False,True
201800001833,2018-06-23,2018,juin,samedi,15:20,69249,45.69155,4.62678,3,19001,13057.559694289639,False,True
201800001837,2018-07-30,2018,juillet,lundi,19:25,69094,45.74655,4.65323,4,23001,9905.370550606074,False,True
201800001841,2018-10-16,2018,octobre,mardi,14:10,69249,45.67946,4.65046,3,19001,11386.11214958093,False,True
201800001886,2018-10-04,2018,octobre,jeudi,18:55,69141,45.62153,4.67579,3,19001,12545.25684082557,False,True
201800001948,2018-02-25,2018,février,dimanche,16:40,69243,45.9135,4.42274,3,24001,31564.3835693282,False,True
201800001967,2018-10-27,2018,octobre,samedi,10:20,69157,45.87821,4.51069,3,24001,23709.20579738756,False,True
201800005983,2018-04-24,2018,avril,mardi,16:50,69064,45.49653,4.72171,4,19001,23095.432451865792,False,True
201800007110,2018-09-08,2018,septembre,samedi,05:30,69244,45.75848,4.77457,3,23001,616.7276008106037,False,True
201800017769,2018-07-07,2018,juillet,samedi,10:40,69168,45.83591,4.83824,3,28001,901.6010256002958,False,True
201800017770,2018-09-19,2018,septembre,mercredi,10:35,69063,45.81476,4.84638,3,28001,1980.9010594281754,False,True
201800017771,2018-09-27,2018,septembre,jeudi,19:00,69063,45.83046,4.84826,3,28001,230.04680797369386,True,False
201800017783,2018-08-26,2018,août,dimanche,11:15,69012,46.17908,4.53252,2,32001,43678.06419624433,False,True
201800017784,2018-09-27,2018,septembre,jeudi,15:50,69150,46.22988,4.5974,3,32001,46376.63338827477,False,True
201800017802,2018-12-22,2018,décembre,samedi,16:00,69248,46.03079,4.31234,4,32001,45159.4652216371,False,True
201800022847,2018-08-11,2018,août,samedi,09:30,69277,45.74002,5.02393,3,13001,6369.5554180702475,False,True
201800022849,2018-09-19,2018,septembre,mercredi,08:15,69277,45.72869,4.98808,3,15001,4708.273509757229,False,True
201800032234,2018-01-02,2018,janvier,mardi,16:05,69091,45.58935,4.77103,4,19001,12205.101479782377,False,True
201800032236,2018-01-30,2018,janvier,mardi,19:30,69091,45.59402,4.76995,4,19001,11705.466759019153,False,True
201800032351,2018-01-23,2018,janvier,mardi,07:45,69290,45.7086,4.9192,3,15001,1120.5114897677756,False,True
201800032357,2018-01-26,2018,janvier,vendredi,08:15,69266,45.77784,4.88155,4,10008,157.6753896612044,True,False
201800032358,2018-01-31,2018,janvier,mercredi,08:50,69266,45.77296,4.85975,4,6003,269.8926370160631,True,False
201800032366,2018-02-06,2018,février,mardi,19:05,69282,45.77034,4.99287,4,13001,2886.558310679585,False,True
201800032379,2018-02-26,2018,février,lundi,18:10,69266,45.757,4.88,4,10024,230.36833617860327,True,False
201800032399,2018-03-19,2018,mars,lundi,16:00,69275,45.77242,4.95693,4,13001,110.04748885013478,True,False
201800032401,2018-03-23,2018,mars,vendredi,16:15,69266,45.75659,4.92124,4,12001,482.95328221984715,True,False
201800032506,2018-07-12,2018,juillet,jeudi,14:15,69266,45.76335,4.91337,4,10014,345.40645122046146,True,False
201800032530,2018-08-20,2018,août,lundi,08:30,69266,45.75435,4.88567,4,10112,33.45325442133906,True,False
201800032576,2018-09-27,2018,septembre,jeudi,08:45,69282,45.77857,5.01862,4,13001,4934.199613358811,False,True
201800047318,2018-01-14,2018,janvier,dimanche,14:55,69382,45.7572,4.83692,4,2001,201.18626690219864,True,False
201800047326,2018-01-16,2018,janvier,mardi,12:10,69034,45.78499,4.83263,4,4003,606.5697812139348,False,True
201800047329,2018-01-18,2018,janvier,jeudi,10:35,69382,45.75881,4.83074,4,2036,88.33071732569546,True,False
201800047344,2018-01-23,2018,janvier,mardi,09:10,69385,45.76085,4.82497,3,5004,129.57484824332465,True,False
201800047353,2018-01-30,2018,janvier,mardi,08:50,69382,45.75929,4.8297,1,2036,42.350540612573184,True,False
201800047361,2018-02-04,2018,février,dimanche,09:05,69149,45.71653,4.80962,4,20001,349.58504512709544,True,False
201800047385,2018-02-18,2018,février,dimanche,16:50,69382,45.76354,4.83733,4,2017,181.6980488944012,True,False
201800047405,2018-03-07,2018,mars,mercredi,08:25,69149,45.717,4.812,4,20001,160.86311515208266,True,False
201800047410,2018-03-10,2018,mars,samedi,20:05,69149,45.7096,4.8209,3,18001,707.0379375363821,False,True
201800047412,2018-03-12,2018,mars,lundi,08:15,69382,45.76012,4.83786,4,2015,138.46760569942322,True,False
201800047434,2018-03-29,2018,mars,jeudi,19:10,69382,45.76,4.83,4,2036,57.634254377425705,True,False
201800047456,2018-04-18,2018,avril,mercredi,12:30,69381,45.76867,4.83778,4,1022,95.76758431401339,True,False
201800047524,2018-05-29,2018,mai,mardi,07:50,69034,45.77947,4.84412,4,6002,225.46713882637647,True,False
201800047539,2018-06-07,2018,juin,jeudi,21:00,69385,45.76602,4.82884,1,5005,113.4464185384496,True,False
201800047555,2018-06-14,2018,juin,jeudi,18:40,69382,45.7636,4.8384,4,2017,242.46864058427033,True,False
201800048013,2018-01-09,2018,janvier,mardi,08:35,69386,45.76496,4.8443,4,6031,143.74428030968693,True,False
201800048018,2018-01-10,2018,janvier,mercredi,13:00,69383,45.75332,4.86866,1,3043,125.9234143477709,True,False
201800048021,2018-01-11,2018,janvier,jeudi,15:30,69387,45.74665,4.84267,4,7055,50.127638746473245,True,False
201800048025,2018-01-12,2018,janvier,vendredi,12:00,69383,45.76354,4.84558,4,6033,118.94022756729653,True,False
201800048031,2018-01-15,2018,janvier,lundi,10:50,69388,45.73214,4.87589,4,8060,139.32554862694346,True,False
201800048050,2018-01-26,2018,janvier,vendredi,07:25,69383,45.76002,4.84088,4,3016,132.82272028813432,True,False
201800048059,2018-01-30,2018,janvier,mardi,20:50,69387,45.74992,4.8583,4,3009,47.2076286549218,True,False
201800048064,2018-02-01,2018,février,jeudi,13:45,69387,45.74485,4.88431,4,3089,364.65056440891016,True,False
201800048068,2018-02-05,2018,février,lundi,08:20,69387,45.73298,4.823,4,7013,250.50758617070576,True,False
201800048079,2018-02-09,2018,février,vendredi,12:00,69387,45.7484,4.83803,4,7024,192.39032386658084,True,False
201800048084,2018-02-13,2018,février,mardi,08:30,69259,45.71784,4.87241,3,8041,781.894396071743,False,True
201800048086,2018-02-13,2018,février,mardi,10:15,69387,45.74014,4.83831,4,7031,158.91227206254123,True,False
201800048089,2018-02-14,2018,février,mercredi,12:40,69388,45.73787,4.87411,3,8015,272.9465439841544,True,False
201800048098,2018-02-21,2018,février,mercredi,17:35,69388,45.72848,4.85362,4,8057,445.42310427075785,True,False
201800048099,2018-02-21,2018,février,mercredi,04:40,69387,45.75439,4.84511,4,7008,227.84310620747812,True,False
201800048109,2018-03-01,2018,mars,jeudi,08:30,69383,45.75216,4.85226,4,7003,45.46389908504159,True,False
201800048124,2018-03-10,2018,mars,samedi,16:50,69387,45.74768,4.8388,4,7024,160.92701851705593,True,False
201800048134,2018-03-19,2018,mars,lundi,22:35,69383,45.75958,4.84783,3,3004,25.13565771818481,True,False
201800048135,2018-03-20,2018,mars,mardi,13:45,69383,45.75394,4.84742,1,3005,51.90056742208223,True,False
201800048135,2018-03-20,2018,mars,mardi,13:45,69383,45.75394,4.84742,3,3005,51.90056742208223,True,False
201800048150,2018-03-24,2018,mars,samedi,16:54,69383,45.75898,4.84918,4,3004,109.72323372866134,True,False
201800048153,2018-03-27,2018,mars,mardi,10:50,69383,45.75404,4.86233,1,3066,101.81723544313267,True,False
201800048156,2018-03-29,2018,mars,jeudi,09:00,69387,45.7496,4.8524,4,7003,248.1168462169344,True,False
201800048748,2018-12-12,2018,décembre,mercredi,08:50,69387,45.729,4.85,4,8057,468.917954560468,True,False
201800048750,2018-12-13,2018,décembre,jeudi,13:55,69386,45.76491,4.84319,3,6032,126.28462107625666,True,False
201800048773,2018-12-21,2018,décembre,vendredi,12:20,69383,45.7535,4.8514,4,3029,105.7611934268331,True,False
201800049501,2018-12-02,2018,décembre,dimanche,01:30,69029,45.74573,4.90653,2,14001,351.2161774101309,True,False
